,MAE,MSE,RMSE,R²
CatBoost,3.2055909069711648,19.908919920446998,4.461941272635376,0.9819031030495275
DecisionTree,1.3872153377393857,4.677235053179065,2.1626916223028805,0.9957484664608255
RandomForest,1.3842257475957955,4.659565797823521,2.158602742012416,0.9957645275377015
GradientBoosting,3.894591633871208,34.59382614172185,5.8816516508309,0.968554752879068
