,Model,RMSE,MAE,MSE,R²
0,XGBoost,8.09010870637265,5.020770472454085,65.44985888092656,0.9405071015241444
